{
  "training_history": {
    "train_loss": [
      94.07350413004558,
      76.28683047824435,
      61.18888685438368,
      47.834671868218315,
      35.93163596259223,
      26.82904709710015,
      21.64978535970052,
      20.560974544949,
      19.511706882052952,
      18.222419102986652,
      17.746543884277344
    ],
    "train_vessel_loss": [
      0.6477289928330315,
      0.6198853982819451,
      0.6217408776283264,
      0.6358380913734436,
      0.6485214432080587,
      0.6251123481326633,
      0.6618817316161262,
      0.6398685640758939,
      0.6252459287643433,
      0.6359253393279182,
      0.5622128115759956
    ],
    "train_segment_loss": [
      187.12623087565103,
      151.56886461046008,
      121.36981285942926,
      94.63228268093533,
      70.80545001559787,
      52.61617194281684,
      42.246791415744354,
      40.08324898613824,
      38.04015647040473,
      35.44920857747396,
      34.564630296495224
    ],
    "train_anomaly_loss": [
      0.6217403180069394,
      0.6415196458498637,
      0.6437006261613634,
      0.6687047746446397,
      0.6821653909153409,
      0.6946845187081231,
      0.651495999760098,
      0.6647183961338468,
      0.5966854625278049,
      0.5995075802008311,
      0.6104078491528829
    ],
    "train_accuracy": [
      67.14285714285714,
      68.57142857142857,
      69.28571428571429,
      68.57142857142857,
      64.28571428571429,
      67.14285714285714,
      58.57142857142857,
      62.142857142857146,
      70.0,
      70.71428571428571,
      75.71428571428571
    ],
    "val_loss": [
      80.6403325398763,
      60.40772501627604,
      43.39175923665365,
      24.999683380126953,
      10.56096076965332,
      7.515794277191162,
      16.338618278503418,
      17.468657811482746,
      11.911122639973959,
      10.798810640970865,
      10.680987675984701
    ],
    "val_vessel_loss": [
      0.5918749372164408,
      0.586339016755422,
      0.5837814013163248,
      0.5875218113263448,
      0.600973924001058,
      0.6062655647595724,
      0.5936056772867838,
      0.5708571076393127,
      0.5414560039838155,
      0.5119781990845998,
      0.4974769552548726
    ],
    "val_segment_loss": [
      160.33358256022134,
      119.88211313883464,
      85.84202067057292,
      49.033023834228516,
      20.127216339111328,
      14.026958465576172,
      31.706431070963543,
      34.02578099568685,
      22.974215825398762,
      20.792081197102863,
      20.57705243428548
    ],
    "val_anomaly_loss": [
      0.592012862364451,
      0.5783247947692871,
      0.5961924990018209,
      0.6313687364260355,
      0.6562196413675944,
      0.6639401912689209,
      0.628667155901591,
      0.5677960515022278,
      0.5109556317329407,
      0.48926923672358197,
      0.4790754516919454
    ],
    "val_accuracy": [
      82.5,
      82.5,
      82.5,
      82.5,
      82.5,
      82.5,
      82.5,
      82.5,
      82.5,
      82.5,
      82.5
    ],
    "learning_rate": [
      1.0810000000000002e-05,
      1.0810000000000002e-05,
      1.0810000000000002e-05,
      1.0810000000000002e-05,
      1.0810000000000002e-05,
      1.0810000000000002e-05,
      1.0810000000000002e-05,
      1.0810000000000002e-05,
      1.0810000000000002e-05,
      1.0810000000000002e-05,
      1.0810000000000002e-05
    ]
  },
  "best_val_loss": 7.515794277191162,
  "best_val_accuracy": 82.5,
  "training_time": 14.886393070220947,
  "total_epochs": 11,
  "test_metrics": {
    "test_accuracy": 80.0,
    "classification_report": "              precision    recall  f1-score   support\n\n           0       0.80      1.00      0.89        16\n           1       0.00      0.00      0.00         4\n\n    accuracy                           0.80        20\n   macro avg       0.40      0.50      0.44        20\nweighted avg       0.64      0.80      0.71        20\n",
    "confusion_matrix": [
      [
        16,
        0
      ],
      [
        4,
        0
      ]
    ]
  }
}